,r1_vector,epsilon_vec,gamma_vector,delta_vector,prob_disturb_vec,severity_disturb_vec,omega_vec,optimal_spacing,prob_persistence
1,2,0.25,0.001,0.001,0.1,0.1,1,19,99.8425839148898
2,2,0.75,0.001,0.001,0.1,0.1,1,1,99.9255809814098
3,2,0.25,0.101,0.001,0.1,0.1,1,9,99.9081412736344
4,2,0.75,0.101,0.001,0.1,0.1,1,1,99.9403607670936
5,2,0.25,0.201,0.001,0.1,0.1,1,10,99.9226390358134
6,2,0.75,0.201,0.001,0.1,0.1,1,1,99.9483543262122
7,2,0.25,0.301,0.001,0.1,0.1,1,8,99.9278940938715
8,2,0.75,0.301,0.001,0.1,0.1,1,0,99.9526884461717
9,2,0.25,0.401,0.001,0.1,0.1,1,9,99.9304524188313
10,2,0.75,0.401,0.001,0.1,0.1,1,1,99.9511345880898
11,2,0.25,0.501,0.001,0.1,0.1,1,10,99.9392692358222
12,2,0.75,0.501,0.001,0.1,0.1,1,1,99.9513107047109
13,2,0.25,0.601,0.001,0.1,0.1,1,9,99.943150212534
14,2,0.75,0.601,0.001,0.1,0.1,1,1,99.951646824499
15,2,0.25,0.701,0.001,0.1,0.1,1,8,99.9449670282511
16,2,0.75,0.701,0.001,0.1,0.1,1,1,99.9537397969756
17,2,0.25,0.801,0.001,0.1,0.1,1,5,99.9427855166439
18,2,0.75,0.801,0.001,0.1,0.1,1,1,99.9538086423555
19,2,0.25,0.901,0.001,0.1,0.1,1,7,99.9447159080073
20,2,0.75,0.901,0.001,0.1,0.1,1,0,99.9506552526313
21,2,0.25,0.001,0.101,0.1,0.1,1,12,99.886591892746
22,2,0.75,0.001,0.101,0.1,0.1,1,8,99.8655484956344
23,2,0.25,0.101,0.101,0.1,0.1,1,16,99.8995675197799
24,2,0.75,0.101,0.101,0.1,0.1,1,5,99.9245733335998
25,2,0.25,0.201,0.101,0.1,0.1,1,17,99.9069167395368
26,2,0.75,0.201,0.101,0.1,0.1,1,4,99.9306807182228
27,2,0.25,0.301,0.101,0.1,0.1,1,12,99.9313966210312
28,2,0.75,0.301,0.101,0.1,0.1,1,5,99.9340168165444
29,2,0.25,0.401,0.101,0.1,0.1,1,9,99.9468730649117
30,2,0.75,0.401,0.101,0.1,0.1,1,7,99.9412115812264
31,2,0.25,0.501,0.101,0.1,0.1,1,10,99.9512564262563
32,2,0.75,0.501,0.101,0.1,0.1,1,5,99.9386320875795
33,2,0.25,0.601,0.101,0.1,0.1,1,13,99.9381888690541
34,2,0.75,0.601,0.101,0.1,0.1,1,4,99.9450422831595
35,2,0.25,0.701,0.101,0.1,0.1,1,10,99.9505954256581
36,2,0.75,0.701,0.101,0.1,0.1,1,4,99.9429924272761
37,2,0.25,0.801,0.101,0.1,0.1,1,8,99.9530000944109
38,2,0.75,0.801,0.101,0.1,0.1,1,4,99.9510830527315
39,2,0.25,0.901,0.101,0.1,0.1,1,10,99.9545731168997
40,2,0.75,0.901,0.101,0.1,0.1,1,3,99.9526055273408
41,2,0.25,0.001,0.201,0.1,0.1,1,17,99.8805020224976
42,2,0.75,0.001,0.201,0.1,0.1,1,15,99.8385248507155
43,2,0.25,0.101,0.201,0.1,0.1,1,28,99.8741138612985
44,2,0.75,0.101,0.201,0.1,0.1,1,10,99.9079918019249
45,2,0.25,0.201,0.201,0.1,0.1,1,32,99.8774872103485
46,2,0.75,0.201,0.201,0.1,0.1,1,10,99.9197567293377
47,2,0.25,0.301,0.201,0.1,0.1,1,10,99.9499794876884
48,2,0.75,0.301,0.201,0.1,0.1,1,6,99.9304477059912
49,2,0.25,0.401,0.201,0.1,0.1,1,13,99.9468032224543
50,2,0.75,0.401,0.201,0.1,0.1,1,8,99.9390528330894
51,2,0.25,0.501,0.201,0.1,0.1,1,13,99.9478000862758
52,2,0.75,0.501,0.201,0.1,0.1,1,7,99.9409687367853
53,2,0.25,0.601,0.201,0.1,0.1,1,19,99.9328435127684
54,2,0.75,0.601,0.201,0.1,0.1,1,6,99.9384819045321
55,2,0.25,0.701,0.201,0.1,0.1,1,13,99.945709476173
56,2,0.75,0.701,0.201,0.1,0.1,1,8,99.9470591156514
57,2,0.25,0.801,0.201,0.1,0.1,1,9,99.9599753565396
58,2,0.75,0.801,0.201,0.1,0.1,1,4,99.948259057631
59,2,0.25,0.901,0.201,0.1,0.1,1,10,99.9587805850494
60,2,0.75,0.901,0.201,0.1,0.1,1,5,99.9471905336672
61,2,0.25,0.001,0.301,0.1,0.1,1,17,99.8990428043069
62,2,0.75,0.001,0.301,0.1,0.1,1,17,99.8218855537624
63,2,0.25,0.101,0.301,0.1,0.1,1,21,99.9070575150677
64,2,0.75,0.101,0.301,0.1,0.1,1,15,99.8895933151166
65,2,0.25,0.201,0.301,0.1,0.1,1,20,99.9187676280126
66,2,0.75,0.201,0.301,0.1,0.1,1,8,99.920130921476
67,2,0.25,0.301,0.301,0.1,0.1,1,14,99.9476791321679
68,2,0.75,0.301,0.301,0.1,0.1,1,9,99.9272765520908
69,2,0.25,0.401,0.301,0.1,0.1,1,34,99.9003845613274
70,2,0.75,0.401,0.301,0.1,0.1,1,9,99.9310966200931
71,2,0.25,0.501,0.301,0.1,0.1,1,22,99.9349984972845
72,2,0.75,0.501,0.301,0.1,0.1,1,8,99.9384980392494
73,2,0.25,0.601,0.301,0.1,0.1,1,13,99.9550922569613
74,2,0.75,0.601,0.301,0.1,0.1,1,9,99.9387400644383
75,2,0.25,0.701,0.301,0.1,0.1,1,11,99.9625516508078
76,2,0.75,0.701,0.301,0.1,0.1,1,7,99.9432726508421
77,2,0.25,0.801,0.301,0.1,0.1,1,10,99.9647180083287
78,2,0.75,0.801,0.301,0.1,0.1,1,10,99.947447240294
79,2,0.25,0.901,0.301,0.1,0.1,1,16,99.9574927692898
80,2,0.75,0.901,0.301,0.1,0.1,1,10,99.9424560913766
81,2,0.25,0.001,0.401,0.1,0.1,1,13,99.9338165349132
82,2,0.75,0.001,0.401,0.1,0.1,1,17,99.8237569400243
83,2,0.25,0.101,0.401,0.1,0.1,1,25,99.9052587514072
84,2,0.75,0.101,0.401,0.1,0.1,1,16,99.8848172701701
85,2,0.25,0.201,0.401,0.1,0.1,1,25,99.9148810147887
86,2,0.75,0.201,0.401,0.1,0.1,1,11,99.921346221441
87,2,0.25,0.301,0.401,0.1,0.1,1,24,99.9255433045366
88,2,0.75,0.301,0.401,0.1,0.1,1,17,99.914294748674
89,2,0.25,0.401,0.401,0.1,0.1,1,19,99.9438623456185
90,2,0.75,0.401,0.401,0.1,0.1,1,11,99.9268422577089
91,2,0.25,0.501,0.401,0.1,0.1,1,11,99.9655078119922
92,2,0.75,0.501,0.401,0.1,0.1,1,10,99.9373605526205
93,2,0.25,0.601,0.401,0.1,0.1,1,12,99.9662406799235
94,2,0.75,0.601,0.401,0.1,0.1,1,10,99.9368719258481
95,2,0.25,0.701,0.401,0.1,0.1,1,11,99.9708202135361
96,2,0.75,0.701,0.401,0.1,0.1,1,10,99.9459104370774
97,2,0.25,0.801,0.401,0.1,0.1,1,10,99.9721898858508
98,2,0.75,0.801,0.401,0.1,0.1,1,8,99.9490409384689
99,2,0.25,0.901,0.401,0.1,0.1,1,10,99.9720330753542
100,2,0.75,0.901,0.401,0.1,0.1,1,9,99.9513584006324
101,2,0.25,0.001,0.501,0.1,0.1,1,15,99.9401192332024
102,2,0.75,0.001,0.501,0.1,0.1,1,17,99.8450518398089
103,2,0.25,0.101,0.501,0.1,0.1,1,17,99.9466189737764
104,2,0.75,0.101,0.501,0.1,0.1,1,25,99.8596970442727
105,2,0.25,0.201,0.501,0.1,0.1,1,25,99.9275437575219
106,2,0.75,0.201,0.501,0.1,0.1,1,22,99.8896147622159
107,2,0.25,0.301,0.501,0.1,0.1,1,29,99.9243993027905
108,2,0.75,0.301,0.501,0.1,0.1,1,10,99.9376251010556
109,2,0.25,0.401,0.501,0.1,0.1,1,15,99.9622972872873
110,2,0.75,0.401,0.501,0.1,0.1,1,12,99.9326311795288
111,2,0.25,0.501,0.501,0.1,0.1,1,14,99.9662508701835
112,2,0.75,0.501,0.501,0.1,0.1,1,10,99.9427065720482
113,2,0.25,0.601,0.501,0.1,0.1,1,24,99.9516686761772
114,2,0.75,0.601,0.501,0.1,0.1,1,15,99.9368586837254
115,2,0.25,0.701,0.501,0.1,0.1,1,18,99.9636762617737
116,2,0.75,0.701,0.501,0.1,0.1,1,10,99.9510611435017
117,2,0.25,0.801,0.501,0.1,0.1,1,12,99.9733853642114
118,2,0.75,0.801,0.501,0.1,0.1,1,9,99.9495080598058
119,2,0.25,0.901,0.501,0.1,0.1,1,10,99.9775777748933
120,2,0.75,0.901,0.501,0.1,0.1,1,12,99.9457927724324
121,2,0.25,0.001,0.601,0.1,0.1,1,17,99.9474616539155
122,2,0.75,0.001,0.601,0.1,0.1,1,13,99.8929416389395
123,2,0.25,0.101,0.601,0.1,0.1,1,17,99.9580019245313
124,2,0.75,0.101,0.601,0.1,0.1,1,20,99.8825515503319
125,2,0.25,0.201,0.601,0.1,0.1,1,34,99.9241614188112
126,2,0.75,0.201,0.601,0.1,0.1,1,11,99.9360849599181
127,2,0.25,0.301,0.601,0.1,0.1,1,18,99.9619792672787
128,2,0.75,0.301,0.601,0.1,0.1,1,17,99.9228103461412
129,2,0.25,0.401,0.601,0.1,0.1,1,30,99.9437815878888
130,2,0.75,0.401,0.601,0.1,0.1,1,20,99.9158656563765
131,2,0.25,0.501,0.601,0.1,0.1,1,11,99.9780934634959
132,2,0.75,0.501,0.601,0.1,0.1,1,16,99.9348921940279
133,2,0.25,0.601,0.601,0.1,0.1,1,15,99.973649946551
134,2,0.75,0.601,0.601,0.1,0.1,1,10,99.9512753778919
135,2,0.25,0.701,0.601,0.1,0.1,1,15,99.9746713182945
136,2,0.75,0.701,0.601,0.1,0.1,1,10,99.956289665733
137,2,0.25,0.801,0.601,0.1,0.1,1,14,99.9786583644133
138,2,0.75,0.801,0.601,0.1,0.1,1,10,99.9559491610236
139,2,0.25,0.901,0.601,0.1,0.1,1,10,99.9826080469891
140,2,0.75,0.901,0.601,0.1,0.1,1,10,99.9579130468963
141,2,0.25,0.001,0.701,0.1,0.1,1,14,99.9683820831791
142,2,0.75,0.001,0.701,0.1,0.1,1,15,99.9062076770661
143,2,0.25,0.101,0.701,0.1,0.1,1,26,99.9514223245159
144,2,0.75,0.101,0.701,0.1,0.1,1,23,99.8959206572289
145,2,0.25,0.201,0.701,0.1,0.1,1,31,99.9463764228769
146,2,0.75,0.201,0.701,0.1,0.1,1,33,99.8709738786096
147,2,0.25,0.301,0.701,0.1,0.1,1,19,99.9704928173707
148,2,0.75,0.301,0.701,0.1,0.1,1,24,99.9089572413955
149,2,0.25,0.401,0.701,0.1,0.1,1,13,99.9802347201307
150,2,0.75,0.401,0.701,0.1,0.1,1,19,99.9329635645012
151,2,0.25,0.501,0.701,0.1,0.1,1,10,99.9862707019726
152,2,0.75,0.501,0.701,0.1,0.1,1,10,99.9657622620594
153,2,0.25,0.601,0.701,0.1,0.1,1,10,99.9863333668202
154,2,0.75,0.601,0.701,0.1,0.1,1,15,99.947086282137
155,2,0.25,0.701,0.701,0.1,0.1,1,24,99.9695003426017
156,2,0.75,0.701,0.701,0.1,0.1,1,10,99.9659601171036
157,2,0.25,0.801,0.701,0.1,0.1,1,14,99.9829756253578
158,2,0.75,0.801,0.701,0.1,0.1,1,10,99.9655513332266
159,2,0.25,0.901,0.701,0.1,0.1,1,15,99.9826713656571
160,2,0.75,0.901,0.701,0.1,0.1,1,14,99.9633066943426
161,2,0.25,0.001,0.801,0.1,0.1,1,16,99.9763783878571
162,2,0.75,0.001,0.801,0.1,0.1,1,18,99.9251026782554
163,2,0.25,0.101,0.801,0.1,0.1,1,24,99.9700035332431
164,2,0.75,0.101,0.801,0.1,0.1,1,15,99.9507625398552
165,2,0.25,0.201,0.801,0.1,0.1,1,16,99.982208587455
166,2,0.75,0.201,0.801,0.1,0.1,1,25,99.9266451154589
167,2,0.25,0.301,0.801,0.1,0.1,1,39,99.9574834233665
168,2,0.75,0.301,0.801,0.1,0.1,1,23,99.936199690828
169,2,0.25,0.401,0.801,0.1,0.1,1,18,99.9825889819907
170,2,0.75,0.401,0.801,0.1,0.1,1,14,99.9641982306856
171,2,0.25,0.501,0.801,0.1,0.1,1,34,99.9681409290488
172,2,0.75,0.501,0.801,0.1,0.1,1,30,99.9296412503951
173,2,0.25,0.601,0.801,0.1,0.1,1,13,99.9892327807833
174,2,0.75,0.601,0.801,0.1,0.1,1,22,99.9521424332747
175,2,0.25,0.701,0.801,0.1,0.1,1,14,99.9889691378607
176,2,0.75,0.701,0.801,0.1,0.1,1,12,99.973614766819
177,2,0.25,0.801,0.801,0.1,0.1,1,14,99.9889469609544
178,2,0.75,0.801,0.801,0.1,0.1,1,12,99.9742386636796
179,2,0.25,0.901,0.801,0.1,0.1,1,22,99.9835275707449
180,2,0.75,0.901,0.801,0.1,0.1,1,10,99.9775210305771
181,2,0.25,0.001,0.901,0.1,0.1,1,14,99.9900935083022
182,2,0.75,0.001,0.901,0.1,0.1,1,13,99.9726596045775
183,2,0.25,0.101,0.901,0.1,0.1,1,14,99.9921856390701
184,2,0.75,0.101,0.901,0.1,0.1,1,23,99.9592160744395
185,2,0.25,0.201,0.901,0.1,0.1,1,21,99.9884314089696
186,2,0.75,0.201,0.901,0.1,0.1,1,31,99.9494900577013
187,2,0.25,0.301,0.901,0.1,0.1,1,15,99.9925543332259
188,2,0.75,0.301,0.901,0.1,0.1,1,39,99.9384308734898
189,2,0.25,0.401,0.901,0.1,0.1,1,28,99.9857067325814
190,2,0.75,0.401,0.901,0.1,0.1,1,24,99.9662189385764
191,2,0.25,0.501,0.901,0.1,0.1,1,32,99.9849091884633
192,2,0.75,0.501,0.901,0.1,0.1,1,16,99.9782923673547
193,2,0.25,0.601,0.901,0.1,0.1,1,24,99.98949900108
194,2,0.75,0.601,0.901,0.1,0.1,1,10,99.9879611531455
195,2,0.25,0.701,0.901,0.1,0.1,1,11,99.9953220892384
196,2,0.75,0.701,0.901,0.1,0.1,1,12,99.9854893776218
197,2,0.25,0.801,0.901,0.1,0.1,1,18,99.9927669112695
198,2,0.75,0.801,0.901,0.1,0.1,1,11,99.9878249388454
199,2,0.25,0.901,0.901,0.1,0.1,1,25,99.9904541210123
200,2,0.75,0.901,0.901,0.1,0.1,1,13,99.9859852341299
201,2,0.25,0.001,0.001,0.1,0.1,1.2,7,99.9910786007631
202,2,0.75,0.001,0.001,0.1,0.1,1.2,1,99.9969936700455
203,2,0.25,0.101,0.001,0.1,0.1,1.2,7,99.9960130478755
204,2,0.75,0.101,0.001,0.1,0.1,1.2,0,99.9981844066064
205,2,0.25,0.201,0.001,0.1,0.1,1.2,9,99.9966224991948
206,2,0.75,0.201,0.001,0.1,0.1,1.2,0,99.9982294716981
207,2,0.25,0.301,0.001,0.1,0.1,1.2,8,99.9962171451665
208,2,0.75,0.301,0.001,0.1,0.1,1.2,0,99.9979902741625
209,2,0.25,0.401,0.001,0.1,0.1,1.2,4,99.9966491573795
210,2,0.75,0.401,0.001,0.1,0.1,1.2,1,99.9972061080596
211,2,0.25,0.501,0.001,0.1,0.1,1.2,9,99.9971597533271
212,2,0.75,0.501,0.001,0.1,0.1,1.2,0,99.9979490383717
213,2,0.25,0.601,0.001,0.1,0.1,1.2,2,99.9965004059753
214,2,0.75,0.601,0.001,0.1,0.1,1.2,1,99.9985590190722
215,2,0.25,0.701,0.001,0.1,0.1,1.2,6,99.9971795242283
216,2,0.75,0.701,0.001,0.1,0.1,1.2,0,99.9986070127355
217,2,0.25,0.801,0.001,0.1,0.1,1.2,2,99.9976672796659
218,2,0.75,0.801,0.001,0.1,0.1,1.2,0,99.9980773390745
219,2,0.25,0.901,0.001,0.1,0.1,1.2,6,99.9968856621228
220,2,0.75,0.901,0.001,0.1,0.1,1.2,0,99.99793041666
221,2,0.25,0.001,0.101,0.1,0.1,1.2,11,99.986545405236
222,2,0.75,0.001,0.101,0.1,0.1,1.2,5,99.9939771634391
223,2,0.25,0.101,0.101,0.1,0.1,1.2,8,99.9948557362309
224,2,0.75,0.101,0.101,0.1,0.1,1.2,5,99.996923211576
225,2,0.25,0.201,0.101,0.1,0.1,1.2,9,99.9947852853266
226,2,0.75,0.201,0.101,0.1,0.1,1.2,6,99.9974426762106
227,2,0.25,0.301,0.101,0.1,0.1,1.2,8,99.996344726535
228,2,0.75,0.301,0.101,0.1,0.1,1.2,5,99.9974492559316
229,2,0.25,0.401,0.101,0.1,0.1,1.2,9,99.9973586703945
230,2,0.75,0.401,0.101,0.1,0.1,1.2,5,99.9965542954556
231,2,0.25,0.501,0.101,0.1,0.1,1.2,10,99.9963574868873
232,2,0.75,0.501,0.101,0.1,0.1,1.2,5,99.9976765206614
233,2,0.25,0.601,0.101,0.1,0.1,1.2,10,99.9973625609095
234,2,0.75,0.601,0.101,0.1,0.1,1.2,5,99.9966638219257
235,2,0.25,0.701,0.101,0.1,0.1,1.2,10,99.9975638731499
236,2,0.75,0.701,0.101,0.1,0.1,1.2,2,99.9978250341528
237,2,0.25,0.801,0.101,0.1,0.1,1.2,7,99.9982724805497
238,2,0.75,0.801,0.101,0.1,0.1,1.2,2,99.9974570649266
239,2,0.25,0.901,0.101,0.1,0.1,1.2,5,99.9977309989843
240,2,0.75,0.901,0.101,0.1,0.1,1.2,5,99.9978587112358
241,2,0.25,0.001,0.201,0.1,0.1,1.2,18,99.981223565068
242,2,0.75,0.001,0.201,0.1,0.1,1.2,6,99.9918890748343
243,2,0.25,0.101,0.201,0.1,0.1,1.2,9,99.9959686081653
244,2,0.75,0.101,0.201,0.1,0.1,1.2,4,99.9968592203208
245,2,0.25,0.201,0.201,0.1,0.1,1.2,8,99.9965258642347
246,2,0.75,0.201,0.201,0.1,0.1,1.2,9,99.9957831142916
247,2,0.25,0.301,0.201,0.1,0.1,1.2,8,99.9972863991339
248,2,0.75,0.301,0.201,0.1,0.1,1.2,8,99.9971513635042
249,2,0.25,0.401,0.201,0.1,0.1,1.2,8,99.99735941232
250,2,0.75,0.401,0.201,0.1,0.1,1.2,4,99.9965833676118
251,2,0.25,0.501,0.201,0.1,0.1,1.2,9,99.9971909212539
252,2,0.75,0.501,0.201,0.1,0.1,1.2,5,99.9966773717683
253,2,0.25,0.601,0.201,0.1,0.1,1.2,10,99.9974168527349
254,2,0.75,0.601,0.201,0.1,0.1,1.2,5,99.9962755133149
255,2,0.25,0.701,0.201,0.1,0.1,1.2,9,99.9968257798889
256,2,0.75,0.701,0.201,0.1,0.1,1.2,9,99.9969605069739
257,2,0.25,0.801,0.201,0.1,0.1,1.2,9,99.997922758956
258,2,0.75,0.801,0.201,0.1,0.1,1.2,8,99.9974517691403
259,2,0.25,0.901,0.201,0.1,0.1,1.2,9,99.998216832743
260,2,0.75,0.901,0.201,0.1,0.1,1.2,6,99.9980846144293
261,2,0.25,0.001,0.301,0.1,0.1,1.2,24,99.9744088538873
262,2,0.75,0.001,0.301,0.1,0.1,1.2,7,99.9899210076819
263,2,0.25,0.101,0.301,0.1,0.1,1.2,9,99.9956469632726
264,2,0.75,0.101,0.301,0.1,0.1,1.2,10,99.994991181679
265,2,0.25,0.201,0.301,0.1,0.1,1.2,8,99.9968595425472
266,2,0.75,0.201,0.301,0.1,0.1,1.2,8,99.9954831256985
267,2,0.25,0.301,0.301,0.1,0.1,1.2,8,99.9971631855588
268,2,0.75,0.301,0.301,0.1,0.1,1.2,9,99.9950359111036
269,2,0.25,0.401,0.301,0.1,0.1,1.2,6,99.9974854926598
270,2,0.75,0.401,0.301,0.1,0.1,1.2,8,99.9964583420905
271,2,0.25,0.501,0.301,0.1,0.1,1.2,9,99.9976754525675
272,2,0.75,0.501,0.301,0.1,0.1,1.2,10,99.9973743239746
273,2,0.25,0.601,0.301,0.1,0.1,1.2,8,99.9979468543354
274,2,0.75,0.601,0.301,0.1,0.1,1.2,7,99.9970722804045
275,2,0.25,0.701,0.301,0.1,0.1,1.2,10,99.9980542571623
276,2,0.75,0.701,0.301,0.1,0.1,1.2,8,99.9967010733133
277,2,0.25,0.801,0.301,0.1,0.1,1.2,9,99.9979846866343
278,2,0.75,0.801,0.301,0.1,0.1,1.2,3,99.9980239786434
279,2,0.25,0.901,0.301,0.1,0.1,1.2,9,99.998009617514
280,2,0.75,0.901,0.301,0.1,0.1,1.2,9,99.9967041116826
281,2,0.25,0.001,0.401,0.1,0.1,1.2,21,99.9747260674566
282,2,0.75,0.001,0.401,0.1,0.1,1.2,9,99.9868267528465
283,2,0.25,0.101,0.401,0.1,0.1,1.2,10,99.9960784546601
284,2,0.75,0.101,0.401,0.1,0.1,1.2,9,99.9945075011778
285,2,0.25,0.201,0.401,0.1,0.1,1.2,9,99.9970079230467
286,2,0.75,0.201,0.401,0.1,0.1,1.2,8,99.9966903837158
287,2,0.25,0.301,0.401,0.1,0.1,1.2,8,99.9975437461421
288,2,0.75,0.301,0.401,0.1,0.1,1.2,9,99.9960597361673
289,2,0.25,0.401,0.401,0.1,0.1,1.2,10,99.9974190148692
290,2,0.75,0.401,0.401,0.1,0.1,1.2,9,99.9967645849405
291,2,0.25,0.501,0.401,0.1,0.1,1.2,10,99.9979748929939
292,2,0.75,0.501,0.401,0.1,0.1,1.2,10,99.9966045736188
293,2,0.25,0.601,0.401,0.1,0.1,1.2,13,99.9974693297935
294,2,0.75,0.601,0.401,0.1,0.1,1.2,10,99.9967151722574
295,2,0.25,0.701,0.401,0.1,0.1,1.2,9,99.9981017779533
296,2,0.75,0.701,0.401,0.1,0.1,1.2,5,99.9972986014615
297,2,0.25,0.801,0.401,0.1,0.1,1.2,6,99.9983797317704
298,2,0.75,0.801,0.401,0.1,0.1,1.2,10,99.9974131923032
299,2,0.25,0.901,0.401,0.1,0.1,1.2,9,99.9979870468107
300,2,0.75,0.901,0.401,0.1,0.1,1.2,8,99.9968123482901
301,2,0.25,0.001,0.501,0.1,0.1,1.2,30,99.9689770418089
302,2,0.75,0.001,0.501,0.1,0.1,1.2,9,99.9900455052116
303,2,0.25,0.101,0.501,0.1,0.1,1.2,18,99.9942298457483
304,2,0.75,0.101,0.501,0.1,0.1,1.2,10,99.9953655734386
305,2,0.25,0.201,0.501,0.1,0.1,1.2,8,99.9983360183811
306,2,0.75,0.201,0.501,0.1,0.1,1.2,9,99.9968346093432
307,2,0.25,0.301,0.501,0.1,0.1,1.2,10,99.9981224486355
308,2,0.75,0.301,0.501,0.1,0.1,1.2,6,99.9961982200445
309,2,0.25,0.401,0.501,0.1,0.1,1.2,8,99.9983009659218
310,2,0.75,0.401,0.501,0.1,0.1,1.2,7,99.9974039176143
311,2,0.25,0.501,0.501,0.1,0.1,1.2,8,99.9984854512851
312,2,0.75,0.501,0.501,0.1,0.1,1.2,5,99.9978766079987
313,2,0.25,0.601,0.501,0.1,0.1,1.2,10,99.9986686146434
314,2,0.75,0.601,0.501,0.1,0.1,1.2,10,99.9968226500804
315,2,0.25,0.701,0.501,0.1,0.1,1.2,10,99.9985186470104
316,2,0.75,0.701,0.501,0.1,0.1,1.2,9,99.9973223267574
317,2,0.25,0.801,0.501,0.1,0.1,1.2,10,99.9985579073792
318,2,0.75,0.801,0.501,0.1,0.1,1.2,8,99.9975731668566
319,2,0.25,0.901,0.501,0.1,0.1,1.2,9,99.9987979157166
320,2,0.75,0.901,0.501,0.1,0.1,1.2,10,99.9969595388131
321,2,0.25,0.001,0.601,0.1,0.1,1.2,27,99.9707982876817
322,2,0.75,0.001,0.601,0.1,0.1,1.2,15,99.9785861042074
323,2,0.25,0.101,0.601,0.1,0.1,1.2,9,99.9979072383511
324,2,0.75,0.101,0.601,0.1,0.1,1.2,9,99.9955990576576
325,2,0.25,0.201,0.601,0.1,0.1,1.2,10,99.9980481795371
326,2,0.75,0.201,0.601,0.1,0.1,1.2,9,99.9966474945234
327,2,0.25,0.301,0.601,0.1,0.1,1.2,10,99.9983338308058
328,2,0.75,0.301,0.601,0.1,0.1,1.2,10,99.9963701629595
329,2,0.25,0.401,0.601,0.1,0.1,1.2,10,99.9985918142276
330,2,0.75,0.401,0.601,0.1,0.1,1.2,16,99.9962953714979
331,2,0.25,0.501,0.601,0.1,0.1,1.2,10,99.9986663213465
332,2,0.75,0.501,0.601,0.1,0.1,1.2,8,99.9973899604275
333,2,0.25,0.601,0.601,0.1,0.1,1.2,9,99.9987109242213
334,2,0.75,0.601,0.601,0.1,0.1,1.2,10,99.9967254144604
335,2,0.25,0.701,0.601,0.1,0.1,1.2,8,99.9988892522624
336,2,0.75,0.701,0.601,0.1,0.1,1.2,9,99.9977246513819
337,2,0.25,0.801,0.601,0.1,0.1,1.2,10,99.998672858333
338,2,0.75,0.801,0.601,0.1,0.1,1.2,8,99.9975956714912
339,2,0.25,0.901,0.601,0.1,0.1,1.2,10,99.9988525026112
340,2,0.75,0.901,0.601,0.1,0.1,1.2,10,99.9977171569651
341,2,0.25,0.001,0.701,0.1,0.1,1.2,30,99.9726633161698
342,2,0.75,0.001,0.701,0.1,0.1,1.2,19,99.9746773218558
343,2,0.25,0.101,0.701,0.1,0.1,1.2,10,99.998463766099
344,2,0.75,0.101,0.701,0.1,0.1,1.2,10,99.9969232074373
345,2,0.25,0.201,0.701,0.1,0.1,1.2,10,99.9985524543138
346,2,0.75,0.201,0.701,0.1,0.1,1.2,10,99.9973002042522
347,2,0.25,0.301,0.701,0.1,0.1,1.2,10,99.9988193219098
348,2,0.75,0.301,0.701,0.1,0.1,1.2,10,99.997672318131
349,2,0.25,0.401,0.701,0.1,0.1,1.2,9,99.9989038199393
350,2,0.75,0.401,0.701,0.1,0.1,1.2,10,99.9968971385083
351,2,0.25,0.501,0.701,0.1,0.1,1.2,10,99.998850195878
352,2,0.75,0.501,0.701,0.1,0.1,1.2,9,99.9977008167885
353,2,0.25,0.601,0.701,0.1,0.1,1.2,10,99.9991854362303
354,2,0.75,0.601,0.701,0.1,0.1,1.2,9,99.9980799533596
355,2,0.25,0.701,0.701,0.1,0.1,1.2,10,99.9992132502973
356,2,0.75,0.701,0.701,0.1,0.1,1.2,10,99.9976191604361
357,2,0.25,0.801,0.701,0.1,0.1,1.2,10,99.9990127141964
358,2,0.75,0.801,0.701,0.1,0.1,1.2,7,99.9980594064065
359,2,0.25,0.901,0.701,0.1,0.1,1.2,10,99.9991048253127
360,2,0.75,0.901,0.701,0.1,0.1,1.2,10,99.9974573840891
361,2,0.25,0.001,0.801,0.1,0.1,1.2,35,99.97607393509
362,2,0.75,0.001,0.801,0.1,0.1,1.2,25,99.9667361074167
363,2,0.25,0.101,0.801,0.1,0.1,1.2,10,99.9986752166982
364,2,0.75,0.101,0.801,0.1,0.1,1.2,10,99.9968622601452
365,2,0.25,0.201,0.801,0.1,0.1,1.2,11,99.9986525417982
366,2,0.75,0.201,0.801,0.1,0.1,1.2,14,99.9961105287019
367,2,0.25,0.301,0.801,0.1,0.1,1.2,8,99.999234962088
368,2,0.75,0.301,0.801,0.1,0.1,1.2,8,99.9976630914038
369,2,0.25,0.401,0.801,0.1,0.1,1.2,13,99.998696497058
370,2,0.75,0.401,0.801,0.1,0.1,1.2,7,99.9981659594633
371,2,0.25,0.501,0.801,0.1,0.1,1.2,10,99.9994552485452
372,2,0.75,0.501,0.801,0.1,0.1,1.2,9,99.9980149162186
373,2,0.25,0.601,0.801,0.1,0.1,1.2,10,99.9993001998872
374,2,0.75,0.601,0.801,0.1,0.1,1.2,10,99.9984055418671
375,2,0.25,0.701,0.801,0.1,0.1,1.2,9,99.999270900864
376,2,0.75,0.701,0.801,0.1,0.1,1.2,10,99.9983900139469
377,2,0.25,0.801,0.801,0.1,0.1,1.2,9,99.9995196183181
378,2,0.75,0.801,0.801,0.1,0.1,1.2,8,99.9985208450553
379,2,0.25,0.901,0.801,0.1,0.1,1.2,10,99.9995602707379
380,2,0.75,0.901,0.801,0.1,0.1,1.2,9,99.9985897025938
381,2,0.25,0.001,0.901,0.1,0.1,1.2,45,99.9829913008769
382,2,0.75,0.001,0.901,0.1,0.1,1.2,42,99.9664984038719
383,2,0.25,0.101,0.901,0.1,0.1,1.2,43,99.9903254357613
384,2,0.75,0.101,0.901,0.1,0.1,1.2,9,99.9985861171587
385,2,0.25,0.201,0.901,0.1,0.1,1.2,9,99.9995340000722
386,2,0.75,0.201,0.901,0.1,0.1,1.2,10,99.9988110559438
387,2,0.25,0.301,0.901,0.1,0.1,1.2,8,99.9996978609149
388,2,0.75,0.301,0.901,0.1,0.1,1.2,10,99.9990540886786
389,2,0.25,0.401,0.901,0.1,0.1,1.2,7,99.9996762654427
390,2,0.75,0.401,0.901,0.1,0.1,1.2,9,99.9990139262983
391,2,0.25,0.501,0.901,0.1,0.1,1.2,10,99.9996335243012
392,2,0.75,0.501,0.901,0.1,0.1,1.2,10,99.9988952739679
393,2,0.25,0.601,0.901,0.1,0.1,1.2,10,99.999771138371
394,2,0.75,0.601,0.901,0.1,0.1,1.2,18,99.9983571220523
395,2,0.25,0.701,0.901,0.1,0.1,1.2,10,99.9997375983021
396,2,0.75,0.701,0.901,0.1,0.1,1.2,10,99.9989635258693
397,2,0.25,0.801,0.901,0.1,0.1,1.2,9,99.9996860019522
398,2,0.75,0.801,0.901,0.1,0.1,1.2,10,99.9991246443444
399,2,0.25,0.901,0.901,0.1,0.1,1.2,9,99.9997508785479
400,2,0.75,0.901,0.901,0.1,0.1,1.2,10,99.9994004646342
